[
 {
  "hid":1,
  "sid":"Approximate_id_0af2ac3f3b928182f3ff557fc379a1d7491938e9",
  "esid":"",
  "parent":0,
  "children":[
   2
  ],
  "name":"Approximate_id_0af2ac3f3b928182f3ff557fc379a1d7491938e9",
  "fullname":"Approximate_id_0af2ac3f3b928182f3ff557fc379a1d7491938e9",
  "label":"Approximate_id_0af2ac3f3b928182f3ff557fc379a1d7491938e9",
  "icon":"Approximate_id_0af2ac3f3b928182f3ff557fc379a1d7491938e90",
  "svg":"support/slwebview_files/Approximate_id_0af2ac3f3b928182f3ff557fc379a1d7491938e9_d.svg",
  "thumbnail":"support/slwebview_files/Approximate_id_0af2ac3f3b928182f3ff557fc379a1d7491938e9_d.png",
  "backingUrl":"support/slwebview_files/Approximate_id_0af2ac3f3b928182f3ff557fc379a1d7491938e9_d.json",
  "elements":[
   ":2",
   ":1",
   ":8",
   ":1#out:1",
   ":2#out:1"
  ],
  "sameAsElement":false
 },
 {
  "hid":2,
  "sid":"Approximate_id_0af2ac3f3b928182f3ff557fc379a1d7491938e9:2",
  "esid":"Approximate_id_0af2ac3f3b928182f3ff557fc379a1d7491938e9:2",
  "parent":1,
  "children":[
  ],
  "name":"Source",
  "fullname":"Approximate_id_0af2ac3f3b928182f3ff557fc379a1d7491938e9/Source",
  "label":"Source",
  "icon":"Approximate_id_0af2ac3f3b928182f3ff557fc379a1d7491938e91",
  "svg":"support/slwebview_files/Approximate_id_0af2ac3f3b928182f3ff557fc379a1d7491938e9_2_d.svg",
  "thumbnail":"support/slwebview_files/Approximate_id_0af2ac3f3b928182f3ff557fc379a1d7491938e9_2_d.png",
  "backingUrl":"support/slwebview_files/Approximate_id_0af2ac3f3b928182f3ff557fc379a1d7491938e9_2_d.json",
  "elements":[
   ":5",
   ":4",
   ":6",
   ":3",
   ":7",
   ":4#out:1",
   ":6#out:1",
   ":3#out:1",
   ":5#out:1"
  ],
  "sameAsElement":true
 }
]