{
 "baseUrl":"support/slwebview_files",
 "homeHid":1,
 "initialElement":"",
 "sections":[
  {
   "hid":1,
   "sid":"untitled",
   "name":"untitled",
   "fullname":"untitled",
   "label":"untitled*",
   "parent":0,
   "descendants":[
   ],
   "hierarchyUrl":"support/slwebview_files/untitled_h_1.json",
   "backingUrl":"support/slwebview_files/untitled_m.json"
  }
 ],
 "optViews":[
 ],
 "display":{
  "informer":false
 },
 "iconsUrl":"support/slwebview_files/untitled_icons.css"
}