[
 {
  "sid":"ModelWithApproximation_20210821T210314460:6:6",
  "className":"Simulink.Outport",
  "icon":"ModelWithApproximation_20210821T2103144602",
  "name":"y",
  "label":"y",
  "parent":"ModelWithApproximation_20210821T210314460:6",
  "inspector":{
   "params":[
    "Port",
    "IconDisplay",
    "OutMin",
    "OutMax",
    "OutDataTypeStr",
    "LockScale",
    "Unit",
    "PortDimensions",
    "VarSizeSig",
    "SampleTime",
    "SignalType",
    "BusOutputAsStruct",
    "EnsureOutportIsVirtual",
    "InitialOutput",
    "MustResolveToSignalObject",
    "OutputWhenDisabled",
    "OutputWhenUnConnected",
    "OutputWhenUnconnectedValue",
    "SignalName",
    "SignalObject",
    "SourceOfInitialOutputValue",
    "StorageClass",
    "VectorParamsAs1DForOutWhenUnconnected"
   ],
   "values":[
    "1",
    "Port number",
    "OutMin",
    "OutMax",
    "Inherit: auto",
    "off",
    "inherit",
    "-1",
    "Inherit",
    "-1",
    "auto",
    "off",
    "off",
    "[]",
    "off",
    "held",
    "off",
    "0",
    "",
    [
    ],
    "Dialog",
    "Auto",
    "on"
   ],
   "tabs":[
    "Main",
    "Signal Attributes",
    "-Other"
   ],
   "tabs_idx":[
    0,
    2,
    11
   ]
  },
  "viewer":{
   "jshandler":"webview/handlers/ElementHandler"
  },
  "obj_viewer":[
  ],
  "finder":{
   "blocktype":"Outport",
   "masktype":""
  }
 },
 {
  "sid":"ModelWithApproximation_20210821T210314460:6:5",
  "className":"Simulink.Constant",
  "icon":"ModelWithApproximation_20210821T2103144602",
  "name":"Vector",
  "label":"Vector",
  "parent":"ModelWithApproximation_20210821T210314460:6",
  "inspector":{
   "params":[
    "Value",
    "VectorParams1D",
    "SampleTime",
    "OutMin",
    "OutMax",
    "OutDataTypeStr",
    "LockScale",
    "FramePeriod"
   ],
   "values":[
    "OutValues",
    "on",
    "inf",
    "OutMin",
    "OutMax",
    "OutDataTypeStr",
    "off",
    "inf"
   ],
   "tabs":[
    "Main",
    "Signal Attributes",
    "-Other"
   ],
   "tabs_idx":[
    0,
    3,
    7
   ]
  },
  "viewer":{
   "jshandler":"webview/handlers/ElementHandler"
  },
  "obj_viewer":[
  ],
  "finder":{
   "blocktype":"Constant",
   "masktype":""
  }
 },
 {
  "sid":"ModelWithApproximation_20210821T210314460:6:4",
  "className":"Simulink.MultiPortSwitch",
  "icon":"ModelWithApproximation_20210821T2103144602",
  "name":"Output",
  "label":"Output",
  "parent":"ModelWithApproximation_20210821T210314460:6",
  "inspector":{
   "params":[
    "DataPortOrder",
    "Inputs",
    "SampleTime",
    "InputSameDT",
    "OutMin",
    "OutMax",
    "OutDataTypeStr",
    "LockScale",
    "RndMeth",
    "SaturateOnIntegerOverflow",
    "AllowDiffInputSizes",
    "DataPortForDefault",
    "DataPortIndices",
    "DiagnosticForDefault"
   ],
   "values":[
    "Zero-based contiguous",
    "1",
    "tsamp",
    "off",
    "OutMin",
    "OutMax",
    "Inherit: Inherit via internal rule",
    "off",
    "Floor",
    "off",
    "off",
    "Last data port",
    "{1,2,3}",
    "Error"
   ],
   "tabs":[
    "Main",
    "Signal Attributes",
    "-Other"
   ],
   "tabs_idx":[
    0,
    3,
    11
   ]
  },
  "viewer":{
   "jshandler":"webview/handlers/ElementHandler"
  },
  "obj_viewer":[
  ],
  "finder":{
   "blocktype":"MultiPortSwitch",
   "masktype":""
  }
 },
 {
  "sid":"ModelWithApproximation_20210821T210314460:6:3",
  "className":"Simulink.SignalConversion",
  "icon":"ModelWithApproximation_20210821T2103144602",
  "name":"Out",
  "label":"Out",
  "parent":"ModelWithApproximation_20210821T210314460:6",
  "inspector":{
   "params":[
    "ConversionOutput",
    "OutDataTypeStr",
    "OverrideOpt"
   ],
   "values":[
    "Signal copy",
    "Inherit: auto",
    "off"
   ],
   "tabs":[
    "Parameter Attributes"
   ],
   "tabs_idx":0
  },
  "viewer":{
   "jshandler":"webview/handlers/ElementHandler"
  },
  "obj_viewer":[
  ],
  "finder":{
   "blocktype":"SignalConversion",
   "masktype":""
  }
 },
 {
  "sid":"ModelWithApproximation_20210821T210314460:6:2",
  "className":"Counter Limited",
  "icon":"ModelWithApproximation_20210821T2103144602",
  "name":"LimitedCounter",
  "label":"LimitedCounter",
  "parent":"ModelWithApproximation_20210821T210314460:6",
  "inspector":{
   "params":[
    "uplimit",
    "tsamp"
   ],
   "values":[
    "nn",
    "tsamp"
   ],
   "tabs":[
   ],
   "tabs_idx":[
   ]
  },
  "viewer":{
   "jshandler":"webview/handlers/ElementHandler"
  },
  "obj_viewer":[
  ],
  "finder":{
   "blocktype":"SubSystem",
   "masktype":"Counter Limited"
  }
 },
 {
  "sid":"ModelWithApproximation_20210821T210314460:6:1",
  "className":"Simulink.SignalSpecification",
  "icon":"ModelWithApproximation_20210821T2103144602",
  "name":"Force to be scalar",
  "label":"Force to be scalar",
  "parent":"ModelWithApproximation_20210821T210314460:6",
  "inspector":{
   "params":[
    "OutMin",
    "OutMax",
    "OutDataTypeStr",
    "LockScale",
    "Unit",
    "Dimensions",
    "VarSizeSig",
    "SampleTime",
    "SignalType",
    "BusOutputAsStruct"
   ],
   "values":[
    "[]",
    "[]",
    "Inherit: auto",
    "off",
    "inherit",
    "1",
    "Inherit",
    "-1",
    "auto",
    "off"
   ],
   "tabs":[
    "Parameter Attributes",
    "-Other"
   ],
   "tabs_idx":[
    0,
    9
   ]
  },
  "viewer":{
   "jshandler":"webview/handlers/ElementHandler"
  },
  "obj_viewer":[
  ],
  "finder":{
   "blocktype":"SignalSpecification",
   "masktype":""
  }
 },
 {
  "sid":"ModelWithApproximation_20210821T210314460:6:3#out:1",
  "className":"Simulink.Line",
  "icon":"ModelWithApproximation_20210821T2103144604",
  "name":"",
  "label":"",
  "parent":"ModelWithApproximation_20210821T210314460:6",
  "inspector":{
   "params":[
    "SignalNameFromLabel",
    "MustResolveToSignal",
    "ShowPropagatedSignal",
    "DataLogging",
    "TestPoint",
    "SignalObjectPackage",
    "StorageClass",
    "Description",
    "documentLink"
   ],
   "values":[
    "",
    "off",
    "off",
    "off",
    "off",
    "Simulink",
    "Auto",
    "",
    ""
   ],
   "tabs":[
    "Parameter Attributes",
    "Logging and Accessibility",
    "Code Generation",
    "Documentation"
   ],
   "tabs_idx":[
    0,
    3,
    5,
    7
   ]
  },
  "viewer":{
   "jshandler":"webview/handlers/ElementHandler"
  },
  "obj_viewer":[
  ],
  "finder":[
  ]
 },
 {
  "sid":"ModelWithApproximation_20210821T210314460:6:4#out:1",
  "className":"Simulink.Line",
  "icon":"ModelWithApproximation_20210821T2103144604",
  "name":"",
  "label":"",
  "parent":"ModelWithApproximation_20210821T210314460:6",
  "inspector":{
   "params":[
    "SignalNameFromLabel",
    "MustResolveToSignal",
    "ShowPropagatedSignal",
    "DataLogging",
    "TestPoint",
    "SignalObjectPackage",
    "StorageClass",
    "Description",
    "documentLink"
   ],
   "values":[
    "",
    "off",
    "off",
    "off",
    "off",
    "Simulink",
    "Auto",
    "",
    ""
   ],
   "tabs":[
    "Parameter Attributes",
    "Logging and Accessibility",
    "Code Generation",
    "Documentation"
   ],
   "tabs_idx":[
    0,
    3,
    5,
    7
   ]
  },
  "viewer":{
   "jshandler":"webview/handlers/ElementHandler"
  },
  "obj_viewer":[
  ],
  "finder":[
  ]
 },
 {
  "sid":"ModelWithApproximation_20210821T210314460:6:2#out:1",
  "className":"Simulink.Line",
  "icon":"ModelWithApproximation_20210821T2103144604",
  "name":"",
  "label":"",
  "parent":"ModelWithApproximation_20210821T210314460:6",
  "inspector":{
   "params":[
    "SignalNameFromLabel",
    "MustResolveToSignal",
    "ShowPropagatedSignal",
    "DataLogging",
    "TestPoint",
    "SignalObjectPackage",
    "StorageClass",
    "Description",
    "documentLink"
   ],
   "values":[
    "",
    "off",
    "off",
    "off",
    "off",
    "Simulink",
    "Auto",
    "",
    ""
   ],
   "tabs":[
    "Parameter Attributes",
    "Logging and Accessibility",
    "Code Generation",
    "Documentation"
   ],
   "tabs_idx":[
    0,
    3,
    5,
    7
   ]
  },
  "viewer":{
   "jshandler":"webview/handlers/ElementHandler"
  },
  "obj_viewer":[
  ],
  "finder":[
  ]
 },
 {
  "sid":"ModelWithApproximation_20210821T210314460:6:5#out:1",
  "className":"Simulink.Line",
  "icon":"ModelWithApproximation_20210821T2103144604",
  "name":"",
  "label":"",
  "parent":"ModelWithApproximation_20210821T210314460:6",
  "inspector":{
   "params":[
    "SignalNameFromLabel",
    "MustResolveToSignal",
    "ShowPropagatedSignal",
    "DataLogging",
    "TestPoint",
    "SignalObjectPackage",
    "StorageClass",
    "Description",
    "documentLink"
   ],
   "values":[
    "",
    "off",
    "off",
    "off",
    "off",
    "Simulink",
    "Auto",
    "",
    ""
   ],
   "tabs":[
    "Parameter Attributes",
    "Logging and Accessibility",
    "Code Generation",
    "Documentation"
   ],
   "tabs_idx":[
    0,
    3,
    5,
    7
   ]
  },
  "viewer":{
   "jshandler":"webview/handlers/ElementHandler"
  },
  "obj_viewer":[
  ],
  "finder":[
  ]
 },
 {
  "sid":"ModelWithApproximation_20210821T210314460:6:1#out:1",
  "className":"Simulink.Line",
  "icon":"ModelWithApproximation_20210821T2103144604",
  "name":"",
  "label":"",
  "parent":"ModelWithApproximation_20210821T210314460:6",
  "inspector":{
   "params":[
    "SignalNameFromLabel",
    "MustResolveToSignal",
    "ShowPropagatedSignal",
    "DataLogging",
    "TestPoint",
    "SignalObjectPackage",
    "StorageClass",
    "Description",
    "documentLink"
   ],
   "values":[
    "",
    "off",
    "off",
    "off",
    "off",
    "Simulink",
    "Auto",
    "",
    ""
   ],
   "tabs":[
    "Parameter Attributes",
    "Logging and Accessibility",
    "Code Generation",
    "Documentation"
   ],
   "tabs_idx":[
    0,
    3,
    5,
    7
   ]
  },
  "viewer":{
   "jshandler":"webview/handlers/ElementHandler"
  },
  "obj_viewer":[
  ],
  "finder":[
  ]
 }
]