[
 {
  "sid":"ModelWithApproximation_20210821T210314460:11",
  "className":"Simulink.Annotation",
  "icon":"ModelWithApproximation_20210821T2103144601",
  "name":"Open scope to see simulation results",
  "label":"Open scope to see simulation results",
  "parent":"ModelWithApproximation_20210821T210314460",
  "inspector":{
   "params":[
    "Text",
    "DropShadow",
    "Interpreter",
    "FontName",
    "FontWeight",
    "FontSize",
    "FontAngle",
    "ForegroundColor",
    "BackgroundColor",
    "HorizontalAlignment",
    "UseDisplayTextAsClickCallback",
    "ClickFcn"
   ],
   "values":[
    "Open scope to see simulation results",
    "off",
    "off",
    "auto",
    "auto",
    -1,
    "auto",
    "black",
    "white",
    "left",
    "off",
    ""
   ],
   "tabs":[
   ],
   "tabs_idx":[
   ]
  },
  "viewer":{
   "jshandler":"webview/handlers/ElementHandler"
  },
  "obj_viewer":[
  ],
  "finder":[
  ]
 },
 {
  "sid":"ModelWithApproximation_20210821T210314460:6",
  "className":"Repeating Sequence Stair",
  "icon":"ModelWithApproximation_20210821T2103144602",
  "name":"Input1",
  "label":"Input1",
  "parent":"ModelWithApproximation_20210821T210314460",
  "inspector":{
   "params":[
    "OutValues",
    "tsamp",
    "OutMin",
    "OutMax",
    "OutDataTypeStr",
    "LockScale"
   ],
   "values":[
    "InputValues_20210821T203440345(:,1)",
    "-1",
    "[]",
    "[]",
    "fixdt(1,16)",
    "off"
   ],
   "tabs":[
   ],
   "tabs_idx":[
   ]
  },
  "viewer":{
   "jshandler":"webview/handlers/ElementHandler"
  },
  "obj_viewer":[
  ],
  "finder":{
   "blocktype":"SubSystem",
   "masktype":"Repeating Sequence Stair"
  }
 },
 {
  "sid":"ModelWithApproximation_20210821T210314460:7",
  "className":"Simulink.Scope",
  "icon":"ModelWithApproximation_20210821T2103144602",
  "name":"Output",
  "label":"Output",
  "parent":"ModelWithApproximation_20210821T210314460",
  "inspector":[
  ],
  "viewer":{
   "jshandler":"webview/handlers/ElementHandler"
  },
  "obj_viewer":[
  ],
  "finder":{
   "blocktype":"Scope",
   "masktype":""
  }
 },
 {
  "sid":"ModelWithApproximation_20210821T210314460:23",
  "className":"Function Approximation Solution",
  "icon":"ModelWithApproximation_20210821T2103144603",
  "name":"Approximation",
  "label":"Approximation",
  "parent":"ModelWithApproximation_20210821T210314460",
  "inspector":{
   "params":[
    "functionVersion"
   ],
   "values":[
    "Approximate"
   ],
   "tabs":[
   ],
   "tabs_idx":[
   ]
  },
  "viewer":{
   "jshandler":"webview/handlers/ElementHandler"
  },
  "obj_viewer":[
  ],
  "finder":{
   "blocktype":"SubSystem",
   "masktype":"Function Approximation Solution"
  }
 },
 {
  "sid":"ModelWithApproximation_20210821T210314460:6#out:1",
  "className":"Simulink.Line",
  "icon":"ModelWithApproximation_20210821T2103144604",
  "name":"",
  "label":"",
  "parent":"ModelWithApproximation_20210821T210314460",
  "inspector":{
   "params":[
    "SignalNameFromLabel",
    "MustResolveToSignal",
    "ShowPropagatedSignal",
    "DataLogging",
    "TestPoint",
    "SignalObjectPackage",
    "StorageClass",
    "Description",
    "documentLink"
   ],
   "values":[
    "",
    "off",
    "off",
    "off",
    "off",
    "Simulink",
    "Auto",
    "",
    ""
   ],
   "tabs":[
    "Parameter Attributes",
    "Logging and Accessibility",
    "Code Generation",
    "Documentation"
   ],
   "tabs_idx":[
    0,
    3,
    5,
    7
   ]
  },
  "viewer":{
   "jshandler":"webview/handlers/ElementHandler"
  },
  "obj_viewer":[
  ],
  "finder":[
  ]
 },
 {
  "sid":"ModelWithApproximation_20210821T210314460:23#out:1",
  "className":"Simulink.Line",
  "icon":"ModelWithApproximation_20210821T2103144604",
  "name":"",
  "label":"",
  "parent":"ModelWithApproximation_20210821T210314460",
  "inspector":{
   "params":[
    "SignalNameFromLabel",
    "MustResolveToSignal",
    "ShowPropagatedSignal",
    "DataLogging",
    "TestPoint",
    "SignalObjectPackage",
    "StorageClass",
    "Description",
    "documentLink"
   ],
   "values":[
    "",
    "off",
    "off",
    "off",
    "off",
    "Simulink",
    "Auto",
    "",
    ""
   ],
   "tabs":[
    "Parameter Attributes",
    "Logging and Accessibility",
    "Code Generation",
    "Documentation"
   ],
   "tabs_idx":[
    0,
    3,
    5,
    7
   ]
  },
  "viewer":{
   "jshandler":"webview/handlers/ElementHandler"
  },
  "obj_viewer":[
  ],
  "finder":[
  ]
 }
]